Rule,Score
WordLenCSS,53.994589720468895
TestRule,55.84905660377359
JSTestRule,41.59174123488542
